"Variable","statistic"
"maple",0.350214791971
"hickory",0.375178767973603
"blackoak",0.281213858708931
"redoak",0.117798894167986
"whiteoak",0.138811728395062
