"insignificant (I)","low-low (L-L)","high-high (H-H)","Metric"
0.884330867518494,0.338028169014085,0.371212121212121,"Sensitivity"
0.355231143552311,0.955921402018056,0.952953476215369,"Specificity"
0.712737127371274,0.634361233480176,0.620253164556962,"Pos Pred Value"
0.629310344827586,0.864553314121037,0.879826254826255,"Neg Pred Value"
0.712737127371274,0.634361233480176,0.620253164556962,"Precision"
0.884330867518494,0.338028169014085,0.371212121212121,"Recall"
0.789315726290516,0.44104134762634,0.464454976303318,"F1"
0.644001732351667,0.184495452576873,0.17150281507146,"Prevalence"
0.569510610653963,0.0623646600259853,0.0636639237765266,"Detection Rate"
0.799047206582936,0.0983109571242962,0.102641836292767,"Detection Prevalence"
0.619781005535402,0.64697478551607,0.662082798713745,"Balanced Accuracy"
