"Variable","statistic","p.value"
"maple",0.350214791971,0.000999000999000999
"hickory",0.375178767973603,0.000999000999000999
"blackoak",0.281213858708931,0.000999000999000999
"redoak",0.117798894167986,0.000999000999000999
"whiteoak",0.138811728395062,0.000999000999000999
