"Variable","statistic","p.value"
"crime_vehicle_1000hh_use",0.813560821271486,0.000999000999000999
"crime_res_1000hh_use",0.733904767933735,0.000999000999000999
